-- /////////////
-- //  TESTDATEN //
-- /////////////

--  // TABELLE ACCOUNT ////////////////////////

insert into ACCOUNT (id, email, password, name, description, faculty) VALUES('1', 'testAccount1@test.de', '$2a$12$43ReZRF4mxQAMt9v7OVIUuvMoijG/FtHsrY1MMSFZNVmaErSIZmP.', 'nameAccount1','descripAccount1', '0');
insert into ACCOUNT (id, email, password, name, description, faculty) VALUES ('2', 'testAccount2@test.de', '$2a$12$43ReZRF4mxQAMt9v7OVIUuvMoijG/FtHsrY1MMSFZNVmaErSIZmP.', 'nameAccount2','descripAccount2', '1');
insert into ACCOUNT (id, email, password, name, description, faculty) VALUES('3', 'testAccount3@test.de', '$2a$12$43ReZRF4mxQAMt9v7OVIUuvMoijG/FtHsrY1MMSFZNVmaErSIZmP.', 'nameAccount3','descripAccount3', '2');
--------// Account-Account (Freunde)
INSERT INTO PUBLIC.ACCOUNT_ACCOUNT (ACCOUNT_ID, FRIENDS_ID) VALUES (2, 1);
INSERT INTO PUBLIC.ACCOUNT_ACCOUNT (ACCOUNT_ID, FRIENDS_ID) VALUES (1, 2);

--------// CardContent
INSERT INTO PUBLIC.CARDCONTENT (ID, DATA, TITLE, TYPE) VALUES (1, 'TestContentH1', 'TestTitleH1', 0);
INSERT INTO PUBLIC.CARDCONTENT (ID, DATA, TITLE, TYPE) VALUES (2, 'TestContentF1', 'TestTitleF1', 0);
INSERT INTO PUBLIC.CARDCONTENT (ID, DATA, TITLE, TYPE) VALUES (5, 'TestContentH2', 'TestTitleH2', 0);
INSERT INTO PUBLIC.CARDCONTENT (ID, DATA, TITLE, TYPE) VALUES (6, 'TestContentF2', 'TestTitleF2', 0);
INSERT INTO PUBLIC.CARDCONTENT (ID, DATA, TITLE, TYPE) VALUES (7, 'TestContentH3', 'TestTitleF3', 0);
INSERT INTO PUBLIC.CARDCONTENT (ID, DATA, TITLE, TYPE) VALUES (8, 'TestContentF3', 'TestTitleF3', 0);
INSERT INTO PUBLIC.CARDCONTENT (ID, DATA, TITLE, TYPE) VALUES (9, 'TestContentH4', 'TestTitleF4', 0);
INSERT INTO PUBLIC.CARDCONTENT (ID, DATA, TITLE, TYPE) VALUES (10, 'TestContentF4', 'TestTitleF4', 0);
INSERT INTO PUBLIC.CARDCONTENT (ID, DATA, TITLE, TYPE) VALUES (11, 'Text Back 1', 'Title Back 1', 0);
INSERT INTO PUBLIC.CARDCONTENT (ID, DATA, TITLE, TYPE) VALUES (12, 'Text Front 1', 'Titel Front 1', 0);
INSERT INTO PUBLIC.CARDCONTENT (ID, DATA, TITLE, TYPE) VALUES (13, 'TestContentH5', 'TestTitleH5', 0);
INSERT INTO PUBLIC.CARDCONTENT (ID, DATA, TITLE, TYPE) VALUES (14, 'TestContentF5', 'TestTitleF5', 0);
INSERT INTO PUBLIC.CARDCONTENT (ID, DATA, TITLE, TYPE) VALUES (15, 'TestContentH6', 'TestTitleF6', 0);
INSERT INTO PUBLIC.CARDCONTENT (ID, DATA, TITLE, TYPE) VALUES (16, 'TestContentF6', 'TestTitleF6', 0);
INSERT INTO PUBLIC.CARDCONTENT (ID, DATA, TITLE, TYPE) VALUES (17, 'TestContentH7', 'TestTitleH7', 0);
INSERT INTO PUBLIC.CARDCONTENT (ID, DATA, TITLE, TYPE) VALUES (18, 'TestContentF7', 'TestTitleF7', 0);
INSERT INTO PUBLIC.CARDCONTENT (ID, DATA, TITLE, TYPE) VALUES (19, 'Text Back 2', 'Title Back 2', 0);
INSERT INTO PUBLIC.CARDCONTENT (ID, DATA, TITLE, TYPE) VALUES (20, 'Text Front 2', 'Title Front 2', 0);
INSERT INTO PUBLIC.CARDCONTENT (ID, DATA, TITLE, TYPE) VALUES (21, 'Text Front 3', 'Title Back  3', 0);
INSERT INTO PUBLIC.CARDCONTENT (ID, DATA, TITLE, TYPE) VALUES (22, 'Text Front 3', 'Titel Front 3', 0);
INSERT INTO PUBLIC.CARDCONTENT (ID, DATA, TITLE, TYPE) VALUES (23, 'Text Back 4', 'Title Back 4', 0);
INSERT INTO PUBLIC.CARDCONTENT (ID, DATA, TITLE, TYPE) VALUES (24, 'Text Front 4', 'Titel Front 4', 0);
INSERT INTO PUBLIC.CARDCONTENT (ID, DATA, TITLE, TYPE) VALUES (25, 'TestContentH1', 'TestTitleH1', 0);
INSERT INTO PUBLIC.CARDCONTENT (ID, DATA, TITLE, TYPE) VALUES (26, 'TestContentF1', 'TestTitleF1', 0);
INSERT INTO PUBLIC.CARDCONTENT (ID, DATA, TITLE, TYPE) VALUES (27, 'Text Back 1', 'Title Back 1', 0);
INSERT INTO PUBLIC.CARDCONTENT (ID, DATA, TITLE, TYPE) VALUES (28, 'Text Front 1', 'Titel Front 1', 0);
INSERT INTO PUBLIC.CARDCONTENT (ID, DATA, TITLE, TYPE) VALUES (29, 'TestContentH2', 'TestTitleH2', 0);
INSERT INTO PUBLIC.CARDCONTENT (ID, DATA, TITLE, TYPE) VALUES (30, 'TestContentF2', 'TestTitleF2', 0);
INSERT INTO PUBLIC.CARDCONTENT (ID, DATA, TITLE, TYPE) VALUES (31, 'Text Back 2', 'Title Back 2', 0);
INSERT INTO PUBLIC.CARDCONTENT (ID, DATA, TITLE, TYPE) VALUES (32, 'Text Front 1', 'Titel Front 1', 0);
INSERT INTO PUBLIC.CARDCONTENT (ID, DATA, TITLE, TYPE) VALUES (33, 'TestContentH3', 'TestTitleH3', 0);
INSERT INTO PUBLIC.CARDCONTENT (ID, DATA, TITLE, TYPE) VALUES (34, 'TestContentF3', 'TestTitleF3', 0);
INSERT INTO PUBLIC.CARDCONTENT (ID, DATA, TITLE, TYPE) VALUES (35, 'Text Front 3', 'Title Back 2', 0);
INSERT INTO PUBLIC.CARDCONTENT (ID, DATA, TITLE, TYPE) VALUES (36, 'Text Front 3', 'Titel Front 1', 0);
INSERT INTO PUBLIC.CARDCONTENT (ID, DATA, TITLE, TYPE) VALUES (37, 'TestContentH4', 'TestTitleH4', 0);
INSERT INTO PUBLIC.CARDCONTENT (ID, DATA, TITLE, TYPE) VALUES (38, 'TestContentF4', 'TestTitleF4', 0);
INSERT INTO PUBLIC.CARDCONTENT (ID, DATA, TITLE, TYPE) VALUES (39, 'Text Back 4', 'Title Back 4', 0);
INSERT INTO PUBLIC.CARDCONTENT (ID, DATA, TITLE, TYPE) VALUES (40, 'Text Front 4', 'Titel Front 4', 0);
INSERT INTO PUBLIC.CARDCONTENT (ID, DATA, TITLE, TYPE) VALUES (41, 'TestContentH5', 'TestTitleH5', 0);
INSERT INTO PUBLIC.CARDCONTENT (ID, DATA, TITLE, TYPE) VALUES (42, 'TestContentF5', 'TestTitleF5', 0);
INSERT INTO PUBLIC.CARDCONTENT (ID, DATA, TITLE, TYPE) VALUES (43, 'Text Back 5', 'Title Back 5', 0);
INSERT INTO PUBLIC.CARDCONTENT (ID, DATA, TITLE, TYPE) VALUES (44, 'Text Front 5', 'Titel Front 5', 0);
INSERT INTO PUBLIC.CARDCONTENT (ID, DATA, TITLE, TYPE) VALUES (45, 'Social Back 2', '', 0);
INSERT INTO PUBLIC.CARDCONTENT (ID, DATA, TITLE, TYPE) VALUES (46, 'Social Front 1', '', 0);
INSERT INTO PUBLIC.CARDCONTENT (ID, DATA, TITLE, TYPE) VALUES (47, 'U * I', '', 0);
INSERT INTO PUBLIC.CARDCONTENT (ID, DATA, TITLE, TYPE) VALUES (48, 'R = ', '', 0);
--------// Card
INSERT INTO PUBLIC.CARD (ID, CARDBACK_ID, CARDFRONT_ID) VALUES (1, 1, 2);
INSERT INTO PUBLIC.CARD (ID, CARDBACK_ID, CARDFRONT_ID) VALUES (3, 5, 6);
INSERT INTO PUBLIC.CARD (ID, CARDBACK_ID, CARDFRONT_ID) VALUES (4, 7, 8);
INSERT INTO PUBLIC.CARD (ID, CARDBACK_ID, CARDFRONT_ID) VALUES (5, 9, 10);
INSERT INTO PUBLIC.CARD (ID, CARDBACK_ID, CARDFRONT_ID) VALUES (6, 11, 12);
INSERT INTO PUBLIC.CARD (ID, CARDBACK_ID, CARDFRONT_ID) VALUES (7, 13, 14);
INSERT INTO PUBLIC.CARD (ID, CARDBACK_ID, CARDFRONT_ID) VALUES (8, 15, 16);
INSERT INTO PUBLIC.CARD (ID, CARDBACK_ID, CARDFRONT_ID) VALUES (9, 17, 18);
INSERT INTO PUBLIC.CARD (ID, CARDBACK_ID, CARDFRONT_ID) VALUES (10, 19, 20);
INSERT INTO PUBLIC.CARD (ID, CARDBACK_ID, CARDFRONT_ID) VALUES (11, 21, 22);
INSERT INTO PUBLIC.CARD (ID, CARDBACK_ID, CARDFRONT_ID) VALUES (12, 23, 24);
INSERT INTO PUBLIC.CARD (ID, CARDBACK_ID, CARDFRONT_ID) VALUES (13, 25, 26);
INSERT INTO PUBLIC.CARD (ID, CARDBACK_ID, CARDFRONT_ID) VALUES (14, 27, 28);
INSERT INTO PUBLIC.CARD (ID, CARDBACK_ID, CARDFRONT_ID) VALUES (15, 29, 30);
INSERT INTO PUBLIC.CARD (ID, CARDBACK_ID, CARDFRONT_ID) VALUES (16, 31, 32);
INSERT INTO PUBLIC.CARD (ID, CARDBACK_ID, CARDFRONT_ID) VALUES (17, 33, 34);
INSERT INTO PUBLIC.CARD (ID, CARDBACK_ID, CARDFRONT_ID) VALUES (18, 35, 36);
INSERT INTO PUBLIC.CARD (ID, CARDBACK_ID, CARDFRONT_ID) VALUES (19, 37, 38);
INSERT INTO PUBLIC.CARD (ID, CARDBACK_ID, CARDFRONT_ID) VALUES (20, 39, 40);
INSERT INTO PUBLIC.CARD (ID, CARDBACK_ID, CARDFRONT_ID) VALUES (21, 41, 42);
INSERT INTO PUBLIC.CARD (ID, CARDBACK_ID, CARDFRONT_ID) VALUES (22, 43, 44);
INSERT INTO PUBLIC.CARD (ID, CARDBACK_ID, CARDFRONT_ID) VALUES (23, 45, 46);
INSERT INTO PUBLIC.CARD (ID, CARDBACK_ID, CARDFRONT_ID) VALUES (24, 47, 48);
--------// CardList
INSERT INTO PUBLIC.CARDLIST (ID, LISTINDEX) VALUES (1, 0);
INSERT INTO PUBLIC.CARDLIST (ID, LISTINDEX) VALUES (2, 0);
INSERT INTO PUBLIC.CARDLIST (ID, LISTINDEX) VALUES (3, 0);
INSERT INTO PUBLIC.CARDLIST (ID, LISTINDEX) VALUES (4, 0);
INSERT INTO PUBLIC.CARDLIST (ID, LISTINDEX) VALUES (5, 0);
INSERT INTO PUBLIC.CARDLIST (ID, LISTINDEX) VALUES (6, 0);
INSERT INTO PUBLIC.CARDLIST (ID, LISTINDEX) VALUES (7, 0);
INSERT INTO PUBLIC.CARDLIST (ID, LISTINDEX) VALUES (8, 0);
INSERT INTO PUBLIC.CARDLIST (ID, LISTINDEX) VALUES (10, 0);
INSERT INTO PUBLIC.CARDLIST (ID, LISTINDEX) VALUES (11, 0);
INSERT INTO PUBLIC.CARDLIST (ID, LISTINDEX) VALUES (12, 0);
INSERT INTO PUBLIC.CARDLIST (ID, LISTINDEX) VALUES (13, 0);
INSERT INTO PUBLIC.CARDLIST (ID, LISTINDEX) VALUES (14, 0);
INSERT INTO PUBLIC.CARDLIST (ID, LISTINDEX) VALUES (15, 0);
--------// CardList - Card
INSERT INTO PUBLIC.CARDLIST_CARD (CARDLIST_ID, LISTOFCARDS_ID) VALUES (2, 1);
INSERT INTO PUBLIC.CARDLIST_CARD (CARDLIST_ID, LISTOFCARDS_ID) VALUES (2, 3);
INSERT INTO PUBLIC.CARDLIST_CARD (CARDLIST_ID, LISTOFCARDS_ID) VALUES (2, 4);
INSERT INTO PUBLIC.CARDLIST_CARD (CARDLIST_ID, LISTOFCARDS_ID) VALUES (2, 5);
INSERT INTO PUBLIC.CARDLIST_CARD (CARDLIST_ID, LISTOFCARDS_ID) VALUES (2, 7);
INSERT INTO PUBLIC.CARDLIST_CARD (CARDLIST_ID, LISTOFCARDS_ID) VALUES (2, 8);
INSERT INTO PUBLIC.CARDLIST_CARD (CARDLIST_ID, LISTOFCARDS_ID) VALUES (2, 9);
INSERT INTO PUBLIC.CARDLIST_CARD (CARDLIST_ID, LISTOFCARDS_ID) VALUES (1, 6);
INSERT INTO PUBLIC.CARDLIST_CARD (CARDLIST_ID, LISTOFCARDS_ID) VALUES (1, 10);
INSERT INTO PUBLIC.CARDLIST_CARD (CARDLIST_ID, LISTOFCARDS_ID) VALUES (1, 11);
INSERT INTO PUBLIC.CARDLIST_CARD (CARDLIST_ID, LISTOFCARDS_ID) VALUES (1, 12);
INSERT INTO PUBLIC.CARDLIST_CARD (CARDLIST_ID, LISTOFCARDS_ID) VALUES (3, 13);
INSERT INTO PUBLIC.CARDLIST_CARD (CARDLIST_ID, LISTOFCARDS_ID) VALUES (3, 15);
INSERT INTO PUBLIC.CARDLIST_CARD (CARDLIST_ID, LISTOFCARDS_ID) VALUES (3, 17);
INSERT INTO PUBLIC.CARDLIST_CARD (CARDLIST_ID, LISTOFCARDS_ID) VALUES (3, 19);
INSERT INTO PUBLIC.CARDLIST_CARD (CARDLIST_ID, LISTOFCARDS_ID) VALUES (3, 21);
INSERT INTO PUBLIC.CARDLIST_CARD (CARDLIST_ID, LISTOFCARDS_ID) VALUES (4, 14);
INSERT INTO PUBLIC.CARDLIST_CARD (CARDLIST_ID, LISTOFCARDS_ID) VALUES (4, 16);
INSERT INTO PUBLIC.CARDLIST_CARD (CARDLIST_ID, LISTOFCARDS_ID) VALUES (4, 18);
INSERT INTO PUBLIC.CARDLIST_CARD (CARDLIST_ID, LISTOFCARDS_ID) VALUES (4, 20);
INSERT INTO PUBLIC.CARDLIST_CARD (CARDLIST_ID, LISTOFCARDS_ID) VALUES (4, 22);
INSERT INTO PUBLIC.CARDLIST_CARD (CARDLIST_ID, LISTOFCARDS_ID) VALUES (6, 23);
INSERT INTO PUBLIC.CARDLIST_CARD (CARDLIST_ID, LISTOFCARDS_ID) VALUES (14, 24);
--------// Lernset
INSERT INTO PUBLIC.LEARNSET (ID, DESCRIPTION, FACULTY, TITLE, VISIBILITY, CARDLIST_ID, OWNER_ID) VALUES (1, 'Beschreibung TestLearnSet1', 0, 'Account2 TestLearnSet1', 1, 1, 2);
INSERT INTO PUBLIC.LEARNSET (ID, DESCRIPTION, FACULTY, TITLE, VISIBILITY, CARDLIST_ID, OWNER_ID) VALUES (2, 'Lorem ipsum dolor sit amet, consetetur sadipscing elitr, sed diam nonumy eirmod tempor invidunt ut labore et dolore magna aliquyam erat, sed diam voluptua. At vero eos et accusam et justo duo dolores et ea rebum. Stet clita kasd gubergren, no sea takim.', 0, 'Account 1 TestLernset 1', 2, 2, 1);
INSERT INTO PUBLIC.LEARNSET (ID, DESCRIPTION, FACULTY, TITLE, VISIBILITY, CARDLIST_ID, OWNER_ID) VALUES (3, '', 2, 'Account 3 TestLernset 1', 0, 3, 3);
INSERT INTO PUBLIC.LEARNSET (ID, DESCRIPTION, FACULTY, TITLE, VISIBILITY, CARDLIST_ID, OWNER_ID) VALUES (4, '', 1, 'Account 3 TestLearnSet 2', 2, 4, 3);
INSERT INTO PUBLIC.LEARNSET (ID, DESCRIPTION, FACULTY, TITLE, VISIBILITY, CARDLIST_ID, OWNER_ID) VALUES (5, '', 1, 'Account 1 Testlernset 2', 1, 5, 1);
INSERT INTO PUBLIC.LEARNSET (ID, DESCRIPTION, FACULTY, TITLE, VISIBILITY, CARDLIST_ID, OWNER_ID) VALUES (6, '', 10, 'SocialWork LearnSet', 1, 6, 2);
INSERT INTO PUBLIC.LEARNSET (ID, DESCRIPTION, FACULTY, TITLE, VISIBILITY, CARDLIST_ID, OWNER_ID) VALUES (7, '', 2, 'Account 1 Testlernset 3', 1, 7, 1);
INSERT INTO PUBLIC.LEARNSET (ID, DESCRIPTION, FACULTY, TITLE, VISIBILITY, CARDLIST_ID, OWNER_ID) VALUES (8, '', 3, 'Account 1 Testlernset 4', 1, 8, 1);
INSERT INTO PUBLIC.LEARNSET (ID, DESCRIPTION, FACULTY, TITLE, VISIBILITY, CARDLIST_ID, OWNER_ID) VALUES (10, '', 4, 'Account 1 Testlernset 5', 1, 10, 1);
INSERT INTO PUBLIC.LEARNSET (ID, DESCRIPTION, FACULTY, TITLE, VISIBILITY, CARDLIST_ID, OWNER_ID) VALUES (11, '', 11, 'Urban LearnSet', 1, 11, 2);
INSERT INTO PUBLIC.LEARNSET (ID, DESCRIPTION, FACULTY, TITLE, VISIBILITY, CARDLIST_ID, OWNER_ID) VALUES (12, '', 12, 'Railway LearnSet', 1, 12, 2);
INSERT INTO PUBLIC.LEARNSET (ID, DESCRIPTION, FACULTY, TITLE, VISIBILITY, CARDLIST_ID, OWNER_ID) VALUES (13, '', 5, 'Account 1 Testlernset 6', 1, 13, 1);
INSERT INTO PUBLIC.LEARNSET (ID, DESCRIPTION, FACULTY, TITLE, VISIBILITY, CARDLIST_ID, OWNER_ID) VALUES (14, '', 13, 'energy Learnset', 1, 14, 2);
INSERT INTO PUBLIC.LEARNSET (ID, DESCRIPTION, FACULTY, TITLE, VISIBILITY, CARDLIST_ID, OWNER_ID) VALUES (15, '', 6, 'Account 1 Testlernset 7', 0, 15, 1);
--------// Lernset Account
INSERT INTO PUBLIC.LEARNSET_ACCOUNT (LEARNSET_ID, ADMINLIST_ID) VALUES (1, 2);
INSERT INTO PUBLIC.LEARNSET_ACCOUNT (LEARNSET_ID, ADMINLIST_ID) VALUES (3, 3);
INSERT INTO PUBLIC.LEARNSET_ACCOUNT (LEARNSET_ID, ADMINLIST_ID) VALUES (4, 3);
INSERT INTO PUBLIC.LEARNSET_ACCOUNT (LEARNSET_ID, ADMINLIST_ID) VALUES (2, 1);
INSERT INTO PUBLIC.LEARNSET_ACCOUNT (LEARNSET_ID, ADMINLIST_ID) VALUES (2, 2);
INSERT INTO PUBLIC.LEARNSET_ACCOUNT (LEARNSET_ID, ADMINLIST_ID) VALUES (5, 1);
INSERT INTO PUBLIC.LEARNSET_ACCOUNT (LEARNSET_ID, ADMINLIST_ID) VALUES (6, 2);
INSERT INTO PUBLIC.LEARNSET_ACCOUNT (LEARNSET_ID, ADMINLIST_ID) VALUES (7, 1);
INSERT INTO PUBLIC.LEARNSET_ACCOUNT (LEARNSET_ID, ADMINLIST_ID) VALUES (8, 1);
INSERT INTO PUBLIC.LEARNSET_ACCOUNT (LEARNSET_ID, ADMINLIST_ID) VALUES (10, 1);
INSERT INTO PUBLIC.LEARNSET_ACCOUNT (LEARNSET_ID, ADMINLIST_ID) VALUES (11, 2);
INSERT INTO PUBLIC.LEARNSET_ACCOUNT (LEARNSET_ID, ADMINLIST_ID) VALUES (12, 2);
INSERT INTO PUBLIC.LEARNSET_ACCOUNT (LEARNSET_ID, ADMINLIST_ID) VALUES (13, 1);
INSERT INTO PUBLIC.LEARNSET_ACCOUNT (LEARNSET_ID, ADMINLIST_ID) VALUES (14, 2);
INSERT INTO PUBLIC.LEARNSET_ACCOUNT (LEARNSET_ID, ADMINLIST_ID) VALUES (15, 1);
--------// LernsetAbo
INSERT INTO PUBLIC.LEARNSETABO (ID, EVALUATION, LEARNSET_ID, LEARNINGSESSION_ID) VALUES (1, -1, 1, null);
INSERT INTO PUBLIC.LEARNSETABO (ID, EVALUATION, LEARNSET_ID, LEARNINGSESSION_ID) VALUES (2, -1, 2, null);
INSERT INTO PUBLIC.LEARNSETABO (ID, EVALUATION, LEARNSET_ID, LEARNINGSESSION_ID) VALUES (3, -1, 2, null);
INSERT INTO PUBLIC.LEARNSETABO (ID, EVALUATION, LEARNSET_ID, LEARNINGSESSION_ID) VALUES (4, -1, 3, null);
INSERT INTO PUBLIC.LEARNSETABO (ID, EVALUATION, LEARNSET_ID, LEARNINGSESSION_ID) VALUES (5, -1, 4, null);
INSERT INTO PUBLIC.LEARNSETABO (ID, EVALUATION, LEARNSET_ID, LEARNINGSESSION_ID) VALUES (6, -1, 5, null);
INSERT INTO PUBLIC.LEARNSETABO (ID, EVALUATION, LEARNSET_ID, LEARNINGSESSION_ID) VALUES (7, -1, 6, null);
INSERT INTO PUBLIC.LEARNSETABO (ID, EVALUATION, LEARNSET_ID, LEARNINGSESSION_ID) VALUES (8, -1, 7, null);
INSERT INTO PUBLIC.LEARNSETABO (ID, EVALUATION, LEARNSET_ID, LEARNINGSESSION_ID) VALUES (9, -1, 8, null);
INSERT INTO PUBLIC.LEARNSETABO (ID, EVALUATION, LEARNSET_ID, LEARNINGSESSION_ID) VALUES (11, -1, 10, null);
INSERT INTO PUBLIC.LEARNSETABO (ID, EVALUATION, LEARNSET_ID, LEARNINGSESSION_ID) VALUES (12, -1, 11, null);
INSERT INTO PUBLIC.LEARNSETABO (ID, EVALUATION, LEARNSET_ID, LEARNINGSESSION_ID) VALUES (13, -1, 12, null);
INSERT INTO PUBLIC.LEARNSETABO (ID, EVALUATION, LEARNSET_ID, LEARNINGSESSION_ID) VALUES (14, -1, 13, null);
INSERT INTO PUBLIC.LEARNSETABO (ID, EVALUATION, LEARNSET_ID, LEARNINGSESSION_ID) VALUES (15, -1, 14, null);
INSERT INTO PUBLIC.LEARNSETABO (ID, EVALUATION, LEARNSET_ID, LEARNINGSESSION_ID) VALUES (16, -1, 15, null);
--------// Account Lernsetabo
INSERT INTO PUBLIC.ACCOUNT_LEARNSETABO (ACCOUNT_ID, LEARNSETABOS_ID) VALUES (3, 4);
INSERT INTO PUBLIC.ACCOUNT_LEARNSETABO (ACCOUNT_ID, LEARNSETABOS_ID) VALUES (3, 5);
INSERT INTO PUBLIC.ACCOUNT_LEARNSETABO (ACCOUNT_ID, LEARNSETABOS_ID) VALUES (2, 1);
INSERT INTO PUBLIC.ACCOUNT_LEARNSETABO (ACCOUNT_ID, LEARNSETABOS_ID) VALUES (2, 3);
INSERT INTO PUBLIC.ACCOUNT_LEARNSETABO (ACCOUNT_ID, LEARNSETABOS_ID) VALUES (2, 7);
INSERT INTO PUBLIC.ACCOUNT_LEARNSETABO (ACCOUNT_ID, LEARNSETABOS_ID) VALUES (2, 12);
INSERT INTO PUBLIC.ACCOUNT_LEARNSETABO (ACCOUNT_ID, LEARNSETABOS_ID) VALUES (2, 13);
INSERT INTO PUBLIC.ACCOUNT_LEARNSETABO (ACCOUNT_ID, LEARNSETABOS_ID) VALUES (2, 15);
INSERT INTO PUBLIC.ACCOUNT_LEARNSETABO (ACCOUNT_ID, LEARNSETABOS_ID) VALUES (1, 2);
INSERT INTO PUBLIC.ACCOUNT_LEARNSETABO (ACCOUNT_ID, LEARNSETABOS_ID) VALUES (1, 6);
INSERT INTO PUBLIC.ACCOUNT_LEARNSETABO (ACCOUNT_ID, LEARNSETABOS_ID) VALUES (1, 8);
INSERT INTO PUBLIC.ACCOUNT_LEARNSETABO (ACCOUNT_ID, LEARNSETABOS_ID) VALUES (1, 9);
INSERT INTO PUBLIC.ACCOUNT_LEARNSETABO (ACCOUNT_ID, LEARNSETABOS_ID) VALUES (1, 11);
INSERT INTO PUBLIC.ACCOUNT_LEARNSETABO (ACCOUNT_ID, LEARNSETABOS_ID) VALUES (1, 14);
INSERT INTO PUBLIC.ACCOUNT_LEARNSETABO (ACCOUNT_ID, LEARNSETABOS_ID) VALUES (1, 16);
--------// CardStatus
INSERT INTO PUBLIC.CARDSTATUS (ID, CARDKNOWLEDGELEVEL, CARD_ID) VALUES (1, 0, 1);
INSERT INTO PUBLIC.CARDSTATUS (ID, CARDKNOWLEDGELEVEL, CARD_ID) VALUES (2, 0, 3);
INSERT INTO PUBLIC.CARDSTATUS (ID, CARDKNOWLEDGELEVEL, CARD_ID) VALUES (3, 0, 4);
INSERT INTO PUBLIC.CARDSTATUS (ID, CARDKNOWLEDGELEVEL, CARD_ID) VALUES (4, 0, 5);
INSERT INTO PUBLIC.CARDSTATUS (ID, CARDKNOWLEDGELEVEL, CARD_ID) VALUES (5, 0, 7);
INSERT INTO PUBLIC.CARDSTATUS (ID, CARDKNOWLEDGELEVEL, CARD_ID) VALUES (6, 0, 8);
INSERT INTO PUBLIC.CARDSTATUS (ID, CARDKNOWLEDGELEVEL, CARD_ID) VALUES (7, 0, 9);
--------// LearnSetAbo - CardStatus
INSERT INTO PUBLIC.LEARNSETABO_CARDSTATUS (LEARNSETABO_ID, CARDSTATUS_ID) VALUES (3, 1);
INSERT INTO PUBLIC.LEARNSETABO_CARDSTATUS (LEARNSETABO_ID, CARDSTATUS_ID) VALUES (3, 2);
INSERT INTO PUBLIC.LEARNSETABO_CARDSTATUS (LEARNSETABO_ID, CARDSTATUS_ID) VALUES (3, 3);
INSERT INTO PUBLIC.LEARNSETABO_CARDSTATUS (LEARNSETABO_ID, CARDSTATUS_ID) VALUES (3, 4);
INSERT INTO PUBLIC.LEARNSETABO_CARDSTATUS (LEARNSETABO_ID, CARDSTATUS_ID) VALUES (3, 5);
INSERT INTO PUBLIC.LEARNSETABO_CARDSTATUS (LEARNSETABO_ID, CARDSTATUS_ID) VALUES (3, 6);
INSERT INTO PUBLIC.LEARNSETABO_CARDSTATUS (LEARNSETABO_ID, CARDSTATUS_ID) VALUES (3, 7);
--------// Comment
INSERT INTO PUBLIC.COMMENT (ID, MESSAGE, RECOMMENDED, TIME, SENDER_ID) VALUES (1, 'Gutes Lernset, bitte mehr davon', 0, '2021-08-18 20:51:43.076353', 2);
--------// LearnSet-Comment
INSERT INTO PUBLIC.LEARNSET_COMMENT (LEARNSET_ID, COMMENTLIST_ID) VALUES (2, 1);
